<?xml version="1.0" encoding="UTF-8"?>
<project-private xmlns="http://www.netbeans.org/ns/project-private/1">
    <editor-bookmarks xmlns="http://www.netbeans.org/ns/editor-bookmarks/2" lastBookmarkId="0"/>
    <open-files xmlns="http://www.netbeans.org/ns/projectui-open-files/2">
        <group>
            <file>file:/F:/Study/Semester%203/Object%20Oriented%20Programming/JAVA/Banking%20System/src/Bank/options.java</file>
            <file>file:/F:/Study/Semester%203/Object%20Oriented%20Programming/JAVA/Banking%20System/src/Bank/Account.java</file>
        </group>
    </open-files>
</project-private>
